{
  "baseline": {
    "accuracy": 0.6206896551724138,
    "method": "zero_shot",
    "threshold": 0.7
  },
  "supervised": {
    "test_accuracy": 0.8620689655172413,
    "cv_mean_accuracy": 0.828792270531401,
    "cv_std_accuracy": 0.030081687660554815,
    "cv_min_accuracy": 0.7777777777777778,
    "cv_max_accuracy": 0.8695652173913043,
    "classification_report": {
      "classification_report": {
        "0": {
          "precision": 0.9,
          "recall": 0.9,
          "f1-score": 0.9,
          "support": 40.0
        },
        "1": {
          "precision": 0.7777777777777778,
          "recall": 0.7777777777777778,
          "f1-score": 0.7777777777777778,
          "support": 18.0
        },
        "accuracy": 0.8620689655172413,
        "macro avg": {
          "precision": 0.8388888888888889,
          "recall": 0.8388888888888889,
          "f1-score": 0.8388888888888889,
          "support": 58.0
        },
        "weighted avg": {
          "precision": 0.8620689655172413,
          "recall": 0.8620689655172413,
          "f1-score": 0.8620689655172413,
          "support": 58.0
        }
      },
      "confusion_matrix": [
        [
          36,
          4
        ],
        [
          4,
          14
        ]
      ],
      "accuracy": 0.8620689655172413
    }
  },
  "comparison": {
    "accuracy_gain": 0.2413793103448275,
    "relative_improvement": 38.88888888888888
  },
  "recommendation": "Supervised learning improves accuracy by 24.1% (38.9%). Consider as optional enhancement. Zero-shot remains default for determinism.",
  "model_saved": true,
  "model_path": "backend/models/supervised_scorer.pkl",
  "n_train": 228,
  "n_test": 58,
  "random_state": 42
}